sno,vno,startpg,endpg
2,1,1,1
2,2,1,1
2,3,2,2
2,4,3,3
2,5,3,3
2,6,4,4
2,7,4,4
2,8,5,5
2,9,6,6
2,10,6,6
2,11,7,7
2,12,7,7
2,13,8,8
2,14,9,9
2,15,9,9
2,16,10,10
2,17,11,11
2,18,11,11
2,19,12,12
2,20,13,13
2,21,14,14
2,22,15,15
2,23,16,16
2,24,17,17
2,25,18,18
2,26,19,19
2,27,20,20
2,28,21,21
2,29,22,22
2,30,23,23
2,31,24,24
2,32,24,24
2,33,25,25
2,34,26,26
2,35,27,27
2,36,28,28
2,37,28,28
2,38,29,29
2,39,29,29
2,40,30,30
2,41,31,31
2,42,32,32
2,43,33,33
2,44,33,33
2,45,34,34
2,46,34,34
2,47,35,35
2,48,35,35
2,49,36,36
2,50,36,36
2,51,37,37
2,52,37,37
2,53,38,38
2,54,38,38
2,55,39,39
2,56,39,39
2,57,40,40
2,58,41,41
2,59,42,42
2,60,43,43
2,61,44,46
2,62,47,47
2,63,48,48
2,64,48,48
2,65,49,49
2,66,49,49
2,67,50,50
2,68,51,51
2,69,52,52
2,70,53,53
2,71,54,54
2,72,55,55
2,73,55,55
2,74,56,56
2,75,57,57
2,76,58,58
2,77,59,59
2,78,59,59
2,79,60,60
2,80,61,61
2,81,62,62
2,82,62,62
2,83,63,63
2,84,64,64
2,85,65,66
2,86,67,67
2,87,68,68
2,88,69,69
2,89,70,70
2,90,71,71
2,91,72,72
2,92,73,73
2,93,74,74
2,94,75,75
2,95,75,75
2,96,76,76
2,97,77,77
2,98,78,78
2,99,78,78
2,100,79,79
2,101,79,79
2,102,80,82
2,103,83,83
2,104,83,83
2,105,84,84
2,106,85,85
2,107,86,86
2,108,86,86
2,109,87,87
2,110,88,88
2,111,88,88
2,112,89,89
2,113,90,90
2,114,91,91
2,115,92,92
2,116,93,93
2,117,93,93
2,118,94,94
2,119,95,95
2,120,96,96
2,121,97,97
2,122,97,97
2,123,98,98
2,124,99,99
2,125,100,100
2,126,101,101
2,127,102,102
2,128,102,102
2,129,103,103
2,130,104,104
2,131,104,104
2,132,105,105
2,133,106,106
2,134,107,107
2,135,107,107
2,136,108,108
2,137,109,109
2,138,110,110
2,139,110,110
2,140,111,112
2,141,113,113
2,142,114,114
2,143,115,115
2,144,116,116
2,145,117,117
2,146,118,118
2,147,118,118
2,148,119,119
2,149,120,120
2,150,121,121
2,151,122,122
2,152,122,122
2,153,123,123
2,154,123,123
2,155,124,124
2,156,124,124
2,157,125,125
2,158,125,125
2,159,126,126
2,160,126,126
2,161,127,127
2,162,127,127
2,163,128,128
2,164,129,129
2,165,130,130
2,166,131,131
2,167,131,131
2,168,132,132
2,169,132,132
2,170,133,133
2,171,134,134
2,172,135,135
2,173,136,136
2,174,137,137
2,175,138,138
2,176,138,138
2,177,139,141
2,178,142,142
2,179,143,143
2,180,143,143
2,181,144,144
2,182,144,144
2,183,145,145
2,184,146,146
2,185,147,147
2,186,148,148
2,187,149,150
2,188,,
2,189,,
2,190,,
2,191,,
2,192,,
2,193,,
2,194,,
2,195,,
2,196,,
2,197,,
2,198,,
2,199,,
2,200,,
2,201,,
2,202,,
2,203,,
2,204,,
2,205,,
2,206,,
2,207,,
2,208,,
2,209,,
2,210,,
2,211,,
2,212,,
2,213,,
2,214,,
2,215,,
2,216,,
2,217,,
2,218,,
2,219,,
2,220,,
2,221,,
2,222,,
2,223,,
2,224,,
2,225,,
2,226,,
2,227,,
2,228,,
2,229,,
2,230,,
2,231,,
2,232,,
2,233,,
2,234,,
2,235,,
2,236,,
2,237,,
2,238,,
2,239,,
2,240,,
2,241,,
2,242,,
2,243,,
2,244,,
2,245,,
2,246,,
2,247,,
2,248,,
2,249,,
2,250,,
2,251,,
2,252,,
2,253,,
2,254,,
2,255,,
2,256,,
2,257,,
2,258,,
2,259,,
2,260,,
2,261,,
2,262,,
2,263,,
2,264,,
2,265,,
2,266,,
2,267,,
2,268,,
2,269,,
2,270,,
2,271,,
2,272,,
2,273,,
2,274,,
2,275,,
2,276,,
2,277,,
2,278,,
2,279,,
2,280,,
2,281,,
2,282,,
2,283,,
2,284,,
2,285,,
2,286,,
